39;Pontificia Universidad Católica Argentina;1300 MOREAU DE JUSTO;UP;UCA;"Av. Alicia Moreau de Justo 1300 "" Edificio Santa María de los Bue";1107;4349-0251/4349-0200/43380600;4349-0273;www.uca.edu.ar;;Rectorado;-58.36595448254802;-34.613417292727306
54;Universidad del Museo Social Argentino;1440 ALSINA;UP;UMSA;Alsina 1440;1088;4383-6809/7018;4375-4600;www.umsa.edu.ar;;Facultad de Ciencias Económicas de la Administración y de los Negocios;-58.386665703244546;-34.611294096276104
70;Universidad Favaloro;1723 BELGRANO;UP;FAVALORO;Av. Belgrano 1723 piso 1º;1093;4378-1117;4384-0782;www.favaloro.edu.ar;;Facultad de Ingeniería y Ciencias Exactas y Naturales;-58.390679733855428;-34.613534798085325
70;Universidad Favaloro;1782 BELGRANO;UP;FAVALORO;Av. Belgrano 1782, 2º piso;1093;4378-1237;4378-1238;www.favaloro.edu.ar;;Facultad de Ciencias Médicas;-58.391372806565464;-34.614019238029741
52;Universidad de Morón;262 CALLAO;UP;UNIMORON;Av. Callao 262 1º piso;1022;4375-0104;;;;Anexo Académico Instituto Argentino de Seguridad;-58.392436680787142;-34.606115292444855
83;Instituto Universitario Naval;2055 COMODORO PY;IN;INUN;Av. Comodoro Py 2055 Piso 10;1104;4317-2000;4317-2000;www.inun.edu.ar;;Rectorado;-58.367541190258521;-34.587555729255627
83;Instituto Universitario Naval;1231 COMODORO RIVADAVIA;IN;INUN;Av. Comodoro Rivadavia 1231;1429;4704-9570 /9546;4704-9570;www.inun.edu.ar;;Escuela Nacional de Náutica;-58.460246445470872;-34.538086512648945
97;Instituto Universitario Escuela Argentina de Negocios;1690 CORDOBA;IP;EAN;Av. Córdoba 1690/92;1055;5032-3991/3900;5032-3901;www.ean.com.ar;;Rectorado;-58.39120546249822;-34.599833754422733
1;Universidad de Buenos Aires;2122 CORDOBA;UN;UBA;Av. Córdoba 2122;1120;4370-6159/4/4448/4374-1155;4370-6103;www.uba.ar;www.econ.uba.ar;Facultad de Ciencias Económicas;-58.397496112448906;-34.599961510285866
84;Instituto Universitario Nacional del Arte;2445 CORDOBA;IN;IUNA;Av. Córdoba 2445;1120;4 961-0161/ 4 964-5593;;www.iuna.edu.ar;;"Departamento de Artes Musicales y Sonoras ""Carlos López Buchardo""";-58.401705199413556;-34.599211200181571
85;Instituto Universitario de Seguridad Marítima;345 CORRIENTES;IN;;Av. Corrientes 345 Piso 12;1043;4576-7655/4576-7611/13/4576-7611;4576-7655;;;Rectorado;-58.371738863906792;-34.602888696524381
11;Universidad Nacional de la Matanza;774 AVENIDA DE MAYO;UN;UNLM;Av. de Mayo 774 Pisos 1º,2º,3º;1084;4342-8776;4480-8975;www.unlm.edu.ar;;Escuela de Posgrado;-58.377354788933843;-34.608993352061702
83;Instituto Universitario Naval;8071 DEL LIBERTADOR;IN;INUN;Av. del Libertador 8071;1429;4704-7725;4704-8253;www.inun.edu.ar;;Escuela de Guerra Naval;-58.463487624343252;-34.540386228041434
84;Instituto Universitario Nacional del Arte;1701 ESPAÑA;IN;IUNA;Av. España 1701;1107;4361-4419/3790;;www.iuna.edu.ar;;"Dirección de Posgrado en Artes Visuales ""Ernesto de la Cárcova""";-58.356568412802147;-34.618511780219798
84;Instituto Universitario Nacional del Arte;1749 LAS HERAS;IN;IUNA;Av. Las Heras 1749;1018;4812-0946/1757;;www.iuna.edu.ar;;"Departamento de Artes Visuales ""Prilidiano Pueyrredón""";-58.39121187815374;-34.592063208162003
1;Universidad de Buenos Aires;1120 MONTES DE OCA;UN;UBA;Av. Montes de Oca 1120;1270;4302-8589;;www.uba.ar;;"Sede - Rector José Luis Romero (""Montes de Oca"")";-58.373887264722256;-34.640819884996141
83;Instituto Universitario Naval;2124 MONTES DE OCA;IN;INUN;Av. Montes de Oca 2124;1271;4303-2299/4301-9809;4301-9809;www.inun.edu.ar;www.hidro.gov.ar;Escuela de Ciencias del Mar;-58.371080847550488;-34.651490332629727
1;Universidad de Buenos Aires;2263 FIGUEROA ALCORTA;UN;UBA;Av. Pte. Figueroa Alcorta 2263;1425;4809-5697/5600/5696/3190;4809-5694;www.uba.ar;www.derecho.uba ar;Facultad de Derecho;-58.392281777183669;-34.582815800021407
79;Universidad Abierta Interamericana;983 SAN JUAN;UP;UAI;Av. San Juan 983;1147;4300-2147;4362-5028;;;Localización Centro;-58.379616706462699;-34.621883190974785
1;Universidad de Buenos Aires;4453 SAN MARTIN;UN;UBA;Av. San Martín  4453;1417;4514-8732 (C)4524-8000;4514-8737;www.uba.ar;www.agro.uba.ar;Facultad de Agronomía;-58.482298605178634;-34.597755651963105
1;Universidad de Buenos Aires;4453 SAN MARTIN;UN;UBA;Av. San Martín  4453;1417;4514-8980;4523-4265;www.uba.ar;;Centro Universitario Regional Paternal;-58.482934503516432;-34.596090925375513
52;Universidad de Morón;4671 TRIUNVIRATO;UP;UNIMORON;Av. Triunvirato 4671;1431;4521-3500;;;;Anexo Académico Villa Urquiza;-58.48590970498671;-34.574438182286883
100;FLACSO (Facultad Latinoamericana de Ciencias Sociales);551 AYACUCHO;UI;FLACSO;Ayacucho 551;1026;4375-2435/5238-9339 (C)5238-9300;4375-1373;www.flacso.org.ar;;Rectorado;-58.395686014262203;-34.602697385117239
84;Instituto Universitario Nacional del Arte;350 AZOPARDO;IN;IUNA;Azopardo 350 Piso 1º;1107;4342-7599/7450/4331-4150;;www.iuna.edu.ar;;Área Transdepartamental Carrera de Crítica de Artes;-58.367776170072318;-34.611427353376435
52;Universidad de Morón;784 BARTOLOME MITRE;UP;UNIMORON;Bartolomé Mitre 784 1º piso;1036;5031-3333;;;;Anexo Cámara Inmobiliaria Argentina;-58.377561290290124;-34.607151105769795
82;Instituto de Enseñanza Superior del Ejército;15 CABILDO;IN;IESE;Cabildo 15;1426;4779-3384/3302;4779-3384;;www.iese.edu.ar;"Escuela Superior Técnica ""General de División Manuel Nicolás Savio""";-58.435544733025189;-34.574670661315501
95;Instituto Universitario ISEDET;252 CAMACUA;IP;ISEDET;Camacua 252;1406;4632-5030/5039/4361-0882;4633-2825;www.isedet.edu.ar;;Facultad de Teología;-58.457164966606584;-34.630481382622989
95;Instituto Universitario ISEDET;282 CAMACUA;IP;ISEDET;Camacuá 282;1406;4632-5030/5039/4361-0882;4633-2825;www.isedet.edu.ar;;Rectorado;-58.457012672525053;-34.630822555958325
80;Instituto Universitario de la Policía Federal Argentina;3378 CAVIA;IN;IUPFA;Cavia 3378;1425;4809-6162/ 4809-6161;;www.universidad-policial.edu.a;;Centro de Educación a Distancia Universitaria;-58.404059459668822;-34.573403477361687
1;Universidad de Buenos Aires;280 CHORROARIN;UN;UBA;Chorroarín 280;1427;4524-8400(R)4524-8402/4514-8952;4514-8968;www.uba.ar;www.fvet.uba.ar;Facultad de Ciencias Veterinarias;-58.47769214975748;-34.594977501300157
1;Universidad de Buenos Aires;CIUDAD UNIVERSITARIA - PABELLON II -  NUÑEZ;UN;UBA;Ciudad Universitaria - Pabellón II -  Nuñez;1428;4576-3332/3/3300/09;4576-3351;www.uba.ar;www.fcen.uba.ar;Facultad de Ciencias Exactas y Naturales;-58.442840909759141;-34.542278668011221
1;Universidad de Buenos Aires;CIUDAD UNIVERSITARIA PABELLON III - NUÑEZ;UN;UBA;Ciudad Universitaria Pabellón III - Nuñez;1428;4789-6201/4789-6210   (R)4789-6200;4576-3205;www.uba.ar;www.fadu.uba.ar;Facultad de Arquitectura, Diseño y Urbanismo;-58.444184675686074;-34.541636483008659
81;Instituto Universitario Aeronáutico;250 ZANNI;IN;IUA;Comodoro Pedro Luis Zanni 250;1004;4317-6464;4317-6464;;;Escuela Superior de Guerra Aérea;-58.370309990491577;-34.584514038937222
39;Pontificia Universidad Católica Argentina;4422 CONCORDIA;UP;UCA;Concordia 4422;1419;4501-6428/6748;4501-6748;;;Facultad de Teología;-58.508454913207089;-34.593315628783046
55;Universidad del Norte Santo Tomás de Aquino;422 DEFENSA;UP;;Defensa 422;1065;4345-4817;4345-4817;;;Facultad de Filosofía -Sede en Buenos Aires;-58.371757761159706;-34.612778273878561
19;Universidad Nacional de Luján;871 ECUADOR;UN;UNLU;Ecuador 871;1214;4962-7045/7026;4961-3268;www.unlu.edu.ar;;Sede Ciudad de Buenos Aires;-58.406221948620981;-34.599995598829715
52;Universidad de Morón;321 ESMERALDA;UP;UNIMORON;Esmeralda 321;1035;4326-4860;;;;Anexo Académico Escuela Argentina de Negocios;-58.377859814522232;-34.60446545900605
84;Instituto Universitario Nacional del Arte;3614 FRENCH;IN;IUNA;French 3614;1425;4804-9743/48042352;;www.iuna.edu.ar;;"Departamento de Arte Dramáticas ""Antonio Cunill Cabanellas""";-58.411718229226764;-34.583241195601111
1;Universidad de Buenos Aires;3870 HABANA;UN;UBA;Habana 3870;1419;4580-2825/2826;4504-7712/580-2829;www.uba.ar;;"Sede ""Devoto""";-58.512170046416017;-34.597276961344114
1;Universidad de Buenos Aires;3238 YRIGOYEN HIPOLITO;UN;UBA;Hipólito Irigoyen 3238/46;1407;4931-9956/4957-5877 (R) 4931-6900;4956-1218;www.uba.ar;www.psi.uba.ar;Facultad de Psicología;-58.412213228627266;-34.612311771376717
1;Universidad de Buenos Aires;2614 HOLMBERG;UN;UBA;Holmberg 2614;1430;4576-9852 al 55;;www.uba.ar;;"Sede ""Doctor Leónidas Anastasi"" (Drago)";-58.478317027820971;-34.567888814714841
64;Universidad de Palermo;932 JEAN JAURES;UP;UP;Jean Jaures 932/6;1175;4962-4647/5199 -4500;4963-1560;www.palermo.edu;;Facultad de Arquitectura;-58.407255243589859;-34.599080524433866
52;Universidad de Morón;1022 URIBURU;UP;UNIMORON;José Evaristo Uriburu 1022/1045;1114;4821-2616/4822-6824;;;;Anexo Académico Barrio Norte;-58.398974167615137;-34.596653458900882
56;Universidad del Salvador;1063 JUNIN;UP;USAL;Junin 1063;1113;4825-8622;4825-8622;www.salvador.edu.ar;;Escuela de Arte y Arquitectura;-58.397256937542608;-34.596207881857417
1;Universidad de Buenos Aires;954 JUNIN;UN;UBA;Junín 954;1113;4964-8222/4508-3644/4964-8224/8200;4508-3648;www.uba.ar;www.ffyb.uba.ar;Facultad de Farmacia y Bioquímica;-58.397678209553796;-34.597845505621933
45;Universidad Católica de La Plata;1254 LARREA;UP;UCLP;Larrea Nº 1254;1117;4826-7026;;;;Sede Buenos Aires;-58.400442732936611;-34.592737019554022
49;Universidad de Belgrano;485 LAVALLE;UP;UB;Lavalle 485;1047;4393-5588/8459/8491;;www.ub.edu.ar;;Departamento de Posgrado y Educación Continua;-58.373695305741201;-34.601982877779136
82;Instituto de Enseñanza Superior del Ejército;480 LUIS MARIA CAMPOS;IN;IESE;Luis María Campos 480;1426;4576-3692/93;4576-5592;;www.escuelasuperiordeguerra.iese.edu;"Escuela Superior De Guerra ""Teniente General Luís Maria Campos""";-58.434103349150575;-34.572886772554924
56;Universidad del Salvador;1335 MARCELO T. DE ALVEAR;UP;USAL;Marcelo T. de Alvear  1335/37;1058;4811-1279/4813-5622/3408;4811-1279;www.salvador.edu.ar;;Facultad de Ciencias Económicas;-58.386179473697894;-34.596835025879287
1;Universidad de Buenos Aires;2142 MARCELO T. DE ALVEAR;UN;UBA;Marcelo T. de Alvear 2142;1122;4508-3956/4964-1238/1239 (R)4964-1200;4508-3958;www.uba.ar;www.odon.uba.ar;Facultad de Odontología;-58.398098253782038;-34.597332830100775
1;Universidad de Buenos Aires;2230 MARCELO T. DE ALVEAR;UN;UBA;Marcelo T. de Alvear 2230;1122;4508-3813/3814 /3800/3804/3805/3806/3807;4508-3818;www.uba.ar;www.fsoc.uba.ar;Facultad de Ciencias Sociales;-58.399316964847891;-34.597149031720058
64;Universidad de Palermo;1259 MARIO BRAVO;UP;UP;Mario Bravo 1259;1175;5199-4500;4963-1560;www.palermo.edu;;Facultad de Ciencias Sociales;-58.414559886340967;-34.595028079018817
96;Instituto Universitario de Salud Mental de la Asociación Psicoanalitica de Buenos A;1850 MAURE;IP;APdeBA;Maure 1850;1426;4775-7867/7985/4779-0512;4775-7867;www.iusam.edu.ar;;Rectorado;-58.436883072979541;-34.568013643056076
38;Universidad Tecnológica Nacional;951 MEDRANO;UN;UTN;Medrano 951;1179;4862-1374/1881/4867-7521/7500;4867-7575;www.utn.edu.ar;www.frba.utn.edu.ar;Facultad Regional Buenos Aires;-58.420072184021876;-34.598596150809179
79;Universidad Abierta Interamericana;2759 MONTAÑESES;UP;UAI;Montañeses 2759;1428;4788-2925/4787-9786/4788-2925;4780-3335;www.uai.edu.ar;;Localización Belgrano;-58.453756991310954;-34.551422393084451
79;Universidad Abierta Interamericana;745 MONTES DE OCA;UP;UAI;Montes de Oca 745;;4301-5240/5248/5398;;www.uai.edu.ar;;Localización Centro Anexo Cisneros;-58.375245353878;-34.63669114794174
96;Instituto Universitario IDEA;1850 MORENO;IP;IDEA;Moreno 1850 pisos 1º, 2º, 3º, 4º, 5º;1094;5861-4307 (C)5861-4300;5861-4397;www.ideared.org;;Rectorado;-58.392490943899006;-34.612914081855294
52;Universidad de Morón;942 NICASIO OROÑO;UP;UNIMORON;Nicasio Oroño 942;1405;4581-8001;;;;Anexo Caballito Gestión Hotelera;-58.454552285987347;-34.61379563145848
79;Universidad Abierta Interamericana;748 PALESTINA;UP;UAI;Palestina 748;1182;4862-9179/4865-8796;4867-4216;www.uai.edu.ar;;Localización Almagro;-58.42578236119774;-34.602090474913929
63;Universidad de Ciencias Empresariales y Sociales;1318 PARAGUAY;UP;UCES;Paraguay 1318;1057;4815-3290;813-2915;www.uces.edu.ar;;Facultad de Ciencias Empresariales;-58.385769121425724;-34.598322233019005
63;Universidad de Ciencias Empresariales y Sociales;1338 PARAGUAY;UP;UCES;Paraguay 1338, Piso 11;1057;4815-3290/ 491;;www.uces.edu.ar;;Departamento de Posgrados;-58.38603446327518;-34.598350009948675
63;Universidad de Ciencias Empresariales y Sociales;1401 PARAGUAY;UP;UCES;Paraguay 1401;1318;4815-3290;4814-5255;www.uces.edu.ar;;Facultad de Ciencias de la Comunicación;-58.387098820699343;-34.598199955973001
63;Universidad de Ciencias Empresariales y Sociales;1457 PARAGUAY;UP;UCES;Paraguay 1457, 3º piso;1061;4815-3290;4816-5144;www.uces.edu.ar;;Facultad de Ciencias Económicas;-58.387677340088779;-34.598223394128937
63;Universidad de Ciencias Empresariales y Sociales;1462 PARAGUAY;UP;UCES;Paraguay 1462, 1º piso;1061;4815-3290;4815-3290;www.uces.edu.ar;;Facultad de Ciencias Jurídicas y Sociales;-58.387697127276709;-34.598440519894346
1;Universidad de Buenos Aires;2155 PARAGUAY;UN;UBA;Paraguay 2155;1121;5950-9501/02/03 (C)9500/8000;;www.uba.ar;www.fmed.uba.ar;Facultad de Medicina;-58.39825602616741;-34.598262860546726
84;Instituto Universitario Nacional del Arte;786 PARAGUAY;IN;IUNA;Paraguay 786;1057;4516-0992/93/94/4322-1130;4516-0992;www.iuna.edu.ar;;Rectorado;-58.378080630229654;-34.597768348287794
42;Universidad Argentina John F. Kennedy;221 PARRAL;UP;UK;Parral 221;1405;4901-1079/1935;;www.kennedy.edu.ar;;Escuela de Odontología;-58.439878218408424;-34.616821174277042
46;Universidad Católica de Salta;533 PASEO COLON;UP;UCLP;Paseo Colón 533 piso 8º;1063;5169-3324/93316;;;;Subsede Académica Buenos Aires;-58.369708196713148;-34.613983994587805
1;Universidad de Buenos Aires;850 PASEO COLON;UN;UBA;Paseo Colón 850;1063;4331-0833/4342-6272/2659 (R)4343-0891 (C)0;4345-7262;www.uba.ar;www.fi.uba.ar;Facultad de Ingeniería;-58.368415921157705;-34.617627776241633
40;Universidad CAECE;555 PERON;UP;CAECE;Perón 555 1º piso;;4393-0014/4328-5226;;www.caece.edu.ar;;Escuela de Administración y Negocios;-58.374469276472468;-34.605526102519335
42;Universidad Argentina John F. Kennedy;1156 PERU;UP;UK;Perú 1156;1068;4300-3816;;www.kennedy.edu.ar;;Departamento de Penalistica;-58.373976458355337;-34.621410071270084
84;Instituto Universitario Nacional del Arte;1655 PIEDRAS;IN;IUNA;Piedras 1655;1140;4362-1699;;www.iuna.edu.ar;;Área Transdepartamental de Carrera de Formación Docente;-58.375217260494843;-34.628117209878283
42;Universidad Argentina John F. Kennedy;645 PIEDRAS;UP;UK;Piedras 645;1070;4345-0175/8671;;www.kennedy.edu.ar;;Departamento de Periodismo y Comunicaciones;-58.377630869260884;-34.615634774161407
79;Universidad Abierta Interamericana;1052 PIEDRAS;UP;UAI;Pieras 1052;1070;4300-2147;;www.uai.edu.ar;;Localización Centro Anexo;-58.377071941994565;-34.62031573749001
79;Universidad Abierta Interamericana;735 PIEDRAS;UP;UAI;Pieras 735;1070;4300-2147;;www.uai.edu.ar;;Localización Centro Anexo;-58.377597286059718;-34.616704498520335
84;Instituto Universitario Nacional del Arte;1172 PINZON;IN;IUNA;Pinzón 1172;1161;4 301-2405;;www.iuna.edu.ar;;Carrera de Posgrado de Especialista en Arte-Terapia;-58.369270235513355;-34.636601290328436
94;"Instituto Universitario ""Escuela de Medicina del Hospital Italiano""";4240 POTOSI;IP;IUEMHI;Potosí 4240;1119;4983-2624 [C]495-90200;4983-2624;www.hospitalitaliano.org.ar/es;;Rectorado;-58.426843728299431;-34.607421195271826
1;Universidad de Buenos Aires;470 PUAN;UN;UBA;Puán 470;1406;4432-9608/0606;4432-0121;www.uba.ar;www.filo.uba.ar;Facultad de Filosofía y Letras;-58.446505643413808;-34.628193992242863
39;Pontificia Universidad Católica Argentina;183 FREIRE;UP;UCA;Ramón Freire 183;1426;4552-2711/2721/2724;4552-2711;;;Facultad de Ciencias Agrarias;-58.444382107165303;-34.579281834699998
8;Universidad Nacional de General San Martín;2250 RAMSAY;UN;UNGSM;Ramsay 2250 - Nuñez;1428;4576-0450/51/55;4576-0450;www.ungsm.edu.ar;;Instituto de Ciencias de la Rehabilitación y el Movimiento;-58.441326543796066;-34.550673915815736
22;Universidad Nacional de Quilmes;2358 RIVADAVIA;UN;UNQUI;Rivadavia 2358 , 6º piso;1034;4951-8221/2431;4951-8221/2431;www.unq.edu.ar;;Instituto de Estudios sobre la Ciencia y la Tecnología;-58.39985031985286;-34.609960241508354
99;Universidad de Bologna;1464 RODRIGUEZ PEÑA;UE;UNIBO;Rodriguez Peña 1464;1021;4878-2900;4878-8628;www.unibo.edu.ar;;Rectorado;-58.390987364080566;-34.592958370046127
56;Universidad del Salvador;670 RODRIGUEZ PEÑA;UP;USAL;Rodríguez Peña 670;1020;4375-2959;4375-2959;www.salvador.edu.ar;;Facultad de Filosofía, Historia y Letras;-58.391576999586107;-34.601133647261129
56;Universidad del Salvador;770 RODRIGUEZ PEÑA;UP;USAL;Rodríguez Peña 770;1020;4813-0180;4813-0180;www.salvador.edu.ar;;Instituto de Capacitación Contínua;-58.391677187908975;-34.599952423755461
52;Universidad de Morón;243 SAN JOSE;UP;UNIMORON;San José 243/225 1º piso;1076;4381-3358;;;;Anexo Académico IAETES (Instituto Argentino de Estudios Técnicos Económicos y So;-58.386318936219475;-34.611627165126876
42;Universidad Argentina John F. Kennedy;868 SAN JOSE;UP;UK;San José 868;1424;4383-5371/ 4382-4259;;www.kennedy.edu.ar;;Departamento de Estudiantes;-58.385661312314681;-34.618404398579067
54;Universidad del Museo Social Argentino;1565 SARMIENTO;UP;UMSA;Sarmiento 1565;1042;5217-9401;4375-4600;www.umsa.edu.ar;;Facultad de Artes y Ciencias de la Conservación;-58.38875698242655;-34.605281568943738
38;Universidad Tecnológica Nacional;440 SARMIENTO;UN;UTN;Sarmiento 440 - piso 3º, 5º, 6º, 7º, 8º;1347;5371-5700/5600/5702/5704/5703;5371-5697;www.utn.edu.ar;;Rectorado;-58.372922416563092;-34.604551578773666
66;Universidad Maimónides;456 TALCAHUANO;UP;UM;Talcahuano 456;1013;4373-1090/4905-1154 /4382-7510;4373-1090;www.maimonides.edu;;Rectorado;-58.385347174002845;-34.603254317404179
38;Universidad Tecnológica Nacional;3174 TRIUNVIRATO;UN;UTN;Triunvirato 3174;1427;4554-1667/4552-4176 /6027;4552-4176 / 6027;www.utn.edu.ar;www.inspt.utn.edu.ar;Instituto Nacional Superior del Profesorado Técnico;-58.467088686969738;-34.584124676434911
56;Universidad del Salvador;1818 PERON JUAN DOMINGO;UP;USAL;Tte. Juan Domingo Perón  1818;1040;4372-5308;4372-5308;www.salvador.edu.ar;;Facultad de Ciencias Jurídicas;-58.392460983958799;-34.607007940025177
56;Universidad del Salvador;1845 TUCUMAN;UP;USAL;Tucumán  1845;1050;4811-8519/4813-2935;4811-8519;www.salvador.edu.ar;;Facultad de Medicina;-58.393289689103554;-34.601885826713819
1;Universidad de Buenos Aires;3177 TUCUMAN;UN;UBA;Tucumán 3177;1189;4508-3977;;www.uba.ar;;"Sede - ""Tucumán""(ex ""Uriburu"")";-58.410410053375045;-34.60044736840176
81;Instituto Universitario Aeronáutico;153 VIAMONTE;IN;IUA;Viamonte 153;1053;4514-4267;4514-4267;;;Instituto Nacional de Derecho Aeronáutico y Espacial;-58.370188608376118;-34.599295474656344
56;Universidad del Salvador;1856 VIAMONTE;UP;USAL;Viamonte 1856;1056;4813-9630/1408;4812-4625;www.salvador.edu.ar;;Rectorado;-58.393526784031899;-34.601001829970606
1;Universidad de Buenos Aires;430 VIAMONTE;UN;UBA;Viamonte 430/444 y Reconquista 694;1053;4511-8153 (C)4510-1100;4511-8123;www.uba.ar;;Rectorado;-58.373066416849035;-34.599861822611281
86;Instituto Tecnológico de Buenos Aires;399 MADERO EDUARDO;IP;ITBA;Av. Eduardo Madero 399;1106;6393-4800;6393-4800;www.itba.edu.ar;;Depart. de Ing. Electrónica y Electrotecnia/ Ing. Industrial/ Ing. Mecánica/ Ing. Química y de Petróleo/ Ing. En Informática/ Materias Físico-Matemáticas/ Desarrollos de Recursos/ Economía, Finanzas y Legales/ Relaciones Institucionales/ Desarrollo P;-58.367907851666466;-34.603341171137814
91;"Instituto Universitario ""Escuela Superior de Economía y Administración de Empresas";2472 URIARTE;IP;ESEADE;Uriarte 2472;1425;4773-3735/4773-5825/4772-7243;4773-3735;www.eseade.edu.ar;;Departamento de Economía y Ciencias Sociales / Administración y Formación Empresarial / Rectorado;-58.4231074572061;-34.580719887652513
81;Instituto Universitario Aeronáutico;1370 BELGRANO;IN;IUA;Av. Belgrano 1370 piso 12;C1093;4382-3834 // 4382-3670/4146/4017;4382-3834;;;Unidad de Educación a Distancia en el Exterior / Centro de Gestión en Buenos Aires;-58.385608174554775;-34.613573871507668
89;Instituto Universitario CEMIC;4102 GALVAN;IP;IUC;Av. Galván 4102;1431;4546-8290/91 (C)4546-8200 / 4546-8228;4546-8274;www.cemic.edu.ar;;Instituto de Investigaciones / Escuela de Medicina / Rectorado;-58.495298274271796;-34.557035540594484
87;Instituto Universitario de Ciencias de la Salud Fundación H.A. Barceló;2191 LAS HERAS;IP;BARCELO;Av. Las Heras 2191;1127;4805-2607/ 4804-4723/ 4576-2350/1 y 2;4805-2607;www.barcelo.edu.ar;;Facultad de Medicina / Rectorado;-58.395616122065832;-34.58854951809915
92;Instituto Universitario de la Fundación ISALUD;931 VENEZUELA;IP;ISALUD;Venezuela 931;1095;5239-4000;5239-4020;www.isalud.org;;Facultades de Salud / Administración y Economía / Ciencias Sociales / De Alimentos y Nutrición / Rectorado;-58.379451109435344;-34.613954538825958
80;Instituto Universitario de la Policía Federal Argentina;ROSARIO 532;IN;IUPFA;Rosario 532;C1424;4903-7516/ 4902-4543/ 4902-4201/ 4901-9783;4909-4207;www.universidad-policial.edu.a;;Facultad de Ciencias Jurídicas y Sociales / Ciencias de la Seguridad / Ciencias Biomédicas / Ciencias de la Criminalística / Rectorado;-58.436303476051457;-34.619644072197161
80;Instituto Universitario de la Policía Federal Argentina;USPALLATA 3400;IN;IUPFA;Uspallata 3400;C1437;4909-4100 // 4909-4121/4179;4909-4121;www.universidad-policial.edu.a;;Facultad de Ciencias Biomédicas / Escuela de Enfermería “Nuestra Señora de los Remedios” / Escuela de Instrumentación Quirúrgica;-58.411351604809397;-34.639775412912719
84;Instituto Universitario Nacional del Arte;443 SANCHEZ DE LORIA;IN;IUNA;Sánchez de Loria 443/47/51;1173;4956-0168 // 4956-0075;;www.iuna.edu.ar;;Departamento de Artes del Movimiento “María Ruanova” / Área Transdepartamental de Folklore “Antonio Barcelo”;-58.413064147802537;-34.614693065024603
84;Instituto Universitario Nacional del Arte;843 YATAY;IN;IUNA;Yatay 843;1184;4 861-1541 // 4864-0004/ 4862-8209;;www.iuna.edu.ar;;Departamento de Artes Audiovisuales / Área Transdepartamental Carrera de Artes Multimediales;-58.428288033014908;-34.601892428278752
39;Pontificia Universidad Católica Argentina;1400 MOREAU DE JUSTO;UP;UCA;"Av. Alicia Moreau de Justo  1400 ""Edificio Santo Tomás Moro""";1107;4349-0200;4349-0223;www.uca.edu.ar;;Instituto de Ciencias Políticas y Relaciones Internacionales / Ciencias Sociales y Económicas / Derecho / Psicología y Educación /;-58.365851436280721;-34.614445230283536
39;Pontificia Universidad Católica Argentina;1500 MOREAU DE JUSTO;UP;UCA;"Av. Alicia Moreau de Justo  1500 ""Edificio San Alberto Magno""";1107;4349-0200/0419/20;4349-0402;www.uca.edu.ar;;Facultad de Filosofía y Letras / Ciencias Físicomatemáticas e Ingeniería / Artes y Ciencias Musicales / Derecho Canónico / Ciencias Médicas;-58.365722470816429;-34.615548695253736
79;Universidad Abierta Interamericana;90 CHACABUCO;UP;UAI;Chacabuco 90 1º piso;1069;4342-7788;4342-7654;www.uai.edu.ar;;Faculta de Medicina y Ciencias de la Salud/ Psicología y Relaciones Humanas/ Derecho y Ciencias Políticas/ Motricidad Humana y Deportes/ Ciencias Empresariales/ Desarrollo e Inv. Educativos/ Arquitectura/ Tecnología Informática/ Comunicación/ Turismo;-58.376146632374891;-34.609097491115328
41;Universidad Argentina de la Empresa;717 LIMA;UP;UADE;Lima 717;1073;4379-7601/7636/7601;4381-2807;www.uade.edu.ar;;Facultad de Ingeniería y Ciencias Exactas / Ciencias Económicas / Ciencias Jurídicas y Sociales / Comunicación y Diseño / Dirección de Empresas / Rectorado;-58.381782124042161;-34.616878370394168
42;Universidad Argentina John F. Kennedy;1411 BARTOLOME MITRE;UP;UK;Bartolomé Mitre 1411 1º Piso;1037;4371-6043 (C)4374-5211;;www.kennedy.edu.ar;;Departamento de Arte / Abogacía / Trabajo / Economía / Relaciones Públicas / Literatura / Matemática y Física / Rectorado;-58.386550744655523;-34.607445699197193
42;Universidad Argentina John F. Kennedy;1163 BOLIVAR;UP;UK;Bolivar 1163;1066;4362-5766/4361-6506;;www.kennedy.edu.ar;;Departamento de Construcciones y Estructuras / Diseño / Arquitectura / Empresa;-58.373061880304768;-34.621455149952723
42;Universidad Argentina John F. Kennedy;360 CARLOS CALVO;UP;UK;Carlos Calvo 360;1230;4932-9307;;www.kennedy.edu.ar;;Departamento de Química General, Inorgánica y Orgánica;-58.370914830636352;-34.619674321120996
42;Universidad Argentina John F. Kennedy;3729 DON BOSCO;UP;UK;Don Bosco 3729;1206;4982-2746/4958-4075;;www.kennedy.edu.ar;;Departamento de Tecnologías Informáticas / Diseño de Sistemas;-58.418300899928752;-34.612413057641596
42;Universidad Argentina John F. Kennedy;929 ESTADOS UNIDOS;UP;UK;Estados Unidos 929;1101;4300-1166;;www.kennedy.edu.ar;;Departamento de Psicoanálisis / Filosofía / Deportes / Psicología Clínica;-58.379147085623998;-34.618338464989236
42;Universidad Argentina John F. Kennedy;152 RIOBAMBA;UP;UK;Riobamba 152 2º piso;1037;4371-4009/ 4115-0706;;www.kennedy.edu.ar;;Departamento de Pedagogía/ Planificación y Desarrollo/ Psicología/ Servicio Social/ Sociología/ Historia/ Computación/ Idiomas/ Comercialización/ Antropología/ Biología/ Ciencia Política/ Demografía y Turismo/ Recursos Humanos/ Psicología Social;-58.393762408988884;-34.607490025200953
61;Universidad Austral;125 GARAY;UP;UA;Av. Juan de Garay 125;1063;5921-8000;5921-8000;www.austral.edu.ar;;Escuela y Laboratorio Ambiental / Inglés / Ciencias para la Familia / Derecho / Comunicación / Ingeniería / Rectorado;-58.366994037318811;-34.623844413289426
40;Universidad CAECE;866 AVENIDA DE MAYO;UP;CAECE;Av. de Mayo 866;1084;5217-7878;5217-7887;www.caece.edu.ar;;Departamento de Matemáticas / Sistemas / Posgrado;-58.378680862921776;-34.609048024859888
40;Universidad CAECE;516 JUNIN;UP;CAECE;Junín 516;1026;5252-2811 (C)52522800;5252-2811;www.caece.edu.ar;;Departamento de Ciencias Pedagógicas / Ciencias Biológicas / Administración / Humanidades / Computación / Rectorado;-58.397152394665071;-34.603063077160243
49;Universidad de Belgrano;1955 LACROZE FEDERICO;UP;UB;Federico Lacroze 1947/1955;1426;4511-4740/4576-3903/4511-4711;;www.ub.edu.ar;;Facultad de Tecnología Informática / Ciencias Agrarias / Estudios a Distancia y Educación Virtual;-58.441151823714264;-34.565827138047361
49;Universidad de Belgrano;1560 MARCELO T DE ALVEAR;UP;UB;Marcelo T. de Alvear 1560;1058;4812-6460 / 9680;;www.ub.edu.ar;;Escuela de Economía y Negocios Internacionales / Posgrado de Derecho;-58.389161771114999;-34.597324530927288
49;Universidad de Belgrano;1324 VILLANUEVA;UP;UB;Villanueva 1324;1426;4511-4700 / 4701 / 4735 / 4736;;www.ub.edu.ar;;Facultad de Ingeniería / Ciencias Exactas y Naturales / Ciencias de la Salud;-58.44283960773442;-34.565601824491445
49;Universidad de Belgrano;1837 ZABALA;UP;UB;Zabala 1837;1426;4788-5400;4576-3923;www.ub.edu.ar;;Facultad de Lenguas y Estudios Extranjeros / Arquitectura y Urbanismo / Humanidades / Estudios para Graduados / Ciencias Económicas / Derecho y Ciencias Sociales / Rectorado;-58.444147176684304;-34.564296645279754
63;Universidad de Ciencias Empresariales y Sociales;1237 PARAGUAY;UP;UCES;Paraguay 1237;1057;4815-3290/494/495;4813-5635;www.uces.edu.ar;;Facultad de Ciencias de la Salud / Rectorado;-58.384659039141503;-34.597920965193453
76;Universidad de Flores;274 NAZCA;UP;UFLO;Av. Nazca 274;1406;4611-4800/4613-3636;4611-4800;www.uflo.edu.ar;;Facultad de Ingeniería / Actividad Física y Deporte / Administración / Rectorado;-58.470785592032087;-34.628661488102573
76;Universidad de Flores;275 PEDERNERA;UP;UFLO;Pedernera 275;1416;4637-4500;4637-4500;www.uflo.edu.ar;;Facultad de Psicología / Derecho / Planeamiento Socioambiental;-58.462978800965573;-34.632599093446927
57;Universidad de la Marina Mercante;2258 RIVADAVIA;UP;UdeMM;Av. Rivadavia 2258;1034;4953-9000/4952-4700/4440/6767;4953-9000;www.udemm.edu.ar;;Facultad de Ingeniería / Administración y Economía / Humanidades y Ciencias Sociales / Rectorado;-58.398433204179476;-34.60983106214475
64;Universidad de Palermo;1050 MARIO BRAVO;UP;UP;Mario Bravo 1050;1175;5199-4500;4963-1560;www.palermo.edu;;Facultad de Diseño y Comunicación / Ciencias Económicas y Empresariales / Derecho / Rectorado;-58.416058701494912;-34.597278995958753
64;Universidad de Palermo;1302 MARIO BRAVO;UP;UP;Mario Bravo 1302;1175;5199-4500;4963-1560;www.palermo.edu;;Facultad de Ingeniería / Cátedra Unesco en Educación Superior;-58.41489952856432;-34.594573921936195
75;Universidad del CEMA;374 CORDOBA AV;UP;UCEMA;Av. Córdoba 374;1054;6314-2269 (C)6314-3000;6314-1654;www.cema.edu.ar;;Departamento de Finanzas / Dirección de Empresas / Economía / Investigaciones / Ciencias Políticas / Contabilidad / Rectorado / Maestría en Dirección Bancaria y Agronegocios / Maestría en Evaluación de Proyectos;-58.372406646099982;-34.598697988986785
75;Universidad del CEMA;775 RECONQUISTA;UP;UCEMA;Reconquista 775;1054;6314-2269 (C)6314-3000;6314-1654;www.cema.edu.ar;;Departamento de Matemática e Informática / Ingeniería;-58.372520970022244;-34.598793096654397
72;Universidad del Cine;330 GIUFFRA;UP;UCINE;Pasaje Giuffra 330/353;1064;(R)4300-1413/4300-1407;4300-0674;www.ucine.edu.ar;;Facultad de Cinematografía / Ciencias de la Comunicación / Rectorado;-58.370613904994762;-34.618004010093713
54;Universidad del Museo Social Argentino;1723 CORRIENTES AV;UP;UMSA;Av. Corrientes 1723;1042;4375-4601/4602/ 4372-5098/99;4375-4600;www.umsa.edu.ar;;Facultad de Ciencias Jurídicas y Políticas / Ciencias de la Recuperación Humana / Ciencias Psicológicas y Pedagógicas / Ciencias de la Interacción Social / Facultad de Lenguas Modernas / Rectorado;-58.391200185040695;-34.604175553017214
56;Universidad del Salvador;853 CALLAO;UP;USAL;Av. Callao 853;1023;4811-2270;4812-9853;www.salvador.edu.ar;;Facultad de Ciencias de la Educación y de la Comunicación Social / Escuela de Estudios Orientales;-58.392773289478839;-34.599132743146406
56;Universidad del Salvador;2441 YRIGOYEN HIPOLITO;UP;USAL;Hipólito Irigoyen  2441  2º  piso;1089;4952-1403/4951;4952-6471;www.salvador.edu.ar;;Facultad de Ciencias Sociales / Instituto de Prevención de la Drogadependencia;-58.40093970673923;-34.610786829828882
56;Universidad del Salvador;1314 ALVEAR MARCELO T;UP;USAL;Marcelo T. de Alvear  1312 / 1314;1058;4813-3400/9639;4813-9639;www.salvador.edu.ar;;Facultad de Psicología y Psicopedagogía / Ciencias Económicas / Ciencias de la Administración/ Ciencia y Tecnología;-58.38584943201942;-34.597170536838512
70;Universidad Favaloro;453 SOLIS;UP;FAVALORO;Solís 453;1078;4378-1169/1170/1161;4381-0323;www.favaloro.edu.ar;;Facultad de Posgrado y Rectorado;-58.39063712512548;-34.614324319633354
66;Universidad Maimónides;775 HIDALGO;UP;UM;Hidalgo 775;1405;4905-1199;4905-1162;www.maimonides.edu;;Facultad de Humanidades / Ciencias de la Salud / Escuela de Comunicación Multimedial /Escuela Internacional de Negocios;-58.440820916647397;-34.610503892918601
8;Universidad Nacional de General San Martín;145 PARANA;UN;UNGSM;Paraná 145;C1017;4754-7300// 4372-3289;4374-7007;www.ungsm.edu.ar;;Escuela de Política y Gobierno / Instituto de Altos Estudios Sociales;-58.38753771716059;-34.607147391558051
59;Universidad Notarial Argentina;1841 GUIDO;UP;;Guido 1841;1119;4804-4233/7743;4804-7743;;;Inst. de la Minoridad y del Derecho de Menores/ Historia del Notariado/ Derecho Tributario y Notarial/ Técnica Notarial/ Derecho Civil y Comercial/ Sist. e Informática Notarial/ Derecho Comparado y de Integración, Administrativo, Ambiental, Constituc;-58.390236000273553;-34.589541264108504
68;Universidad Torcuato Di Tella;2159 MIÑONES;UP;UTDT;Miñones 2159/77;1428;4784-0080;4784-0089;www.utdt.edu/;;Departamento de Economía / Ciencia Política y Estudios Internacionales / Matemática y Estadística / Historia / Escuela de Derecho / Gobierno / Negocios / Centro de Estudios de arquitectura Contemporánea;-58.445860925317994;-34.554711121824219
68;Universidad Torcuato Di Tella;1010 SAENZ VALIENTE JUAN PABLO;UP;UTDT;Sáenz Valiente 1010;C1428;5169 7300;;www.utdt.edu/;;Campus Alcorta;-58.447223323943469;-34.547886582552415
1;Universidad de Buenos Aires;841 RAMOS MEJIA;UN;UBA;Ramos Mejía 841;C1405;;;www.uba.ar;;Sede Dr. Ramos Mejía (CBC);-58.432177903687389;-34.605905128280789
1;Universidad de Buenos Aires;1029 SANTIAGO DEL ESTERO;UN;UBA;Santiago del Estero 1029;C1075;4305- 6087/6168;;www.uba.ar;www.sociales.uba.ar;Facultad de Ciencias Sociales - Sede Constitución;-58.384524683603736;-34.620223606592575
1;Universidad de Buenos Aires;2216 LAS HERAS AV;UN;UBA;Las Heras Av 2216;C1127;4514-3013;;www.uba.ar;www.ingenieria.uba.ar;Facultad de Ingeniería - Sede Las Heras;-58.396351770458104;-34.588418152142637
1;Universidad de Buenos Aires;3065 INDEPENDENCIA;UN;UBA;Independencia 3065;C1225;;;;www.psi.uba.ar;Facultad de Psicología - Sede Independencia;-58.408580979985437;-34.619663154861442
1;Universidad de Buenos Aires;295 BULNES;UN;UBA;Bulnes 295;C1176;;;;www.psi.uba.ar;Facultad de Psicología - Sede Bulnes;-58.418442590668697;-34.607318591168998
1;Universidad de Buenos Aires;CIUDAD UNIVERSITARIA - PABELLON  I;UN;UBA;Ciudad Universitaria - Pabellón  I;1428;4789 - 6000;4789-6098;www.uba.ar;www.cbc.uba.ar;Ciclo Básico Común;-58.439500328081643;-34.5447027070175
0;Universidad Tecnológica Nacional - Campus Mozart;Mozart 2300;UN;UTN;;1407;4638-8115/8838;;http://www.frba.utn.edu.ar/;;Campus;-58.467920672766468;-34.659767839004928
0;Universidad Tecnológica Nacional - Escuela de Posgrado;Castro Barros 91;UN;UTN;;1178;4983-8882;;http://www.frba.utn.edu.ar/;;Escuela de Posgrado;-58.420933889381523;-34.612801914538309
0;Universidad de Buenos Aires;Fernández de la Cruz Av;UN;UBA;;;;;www.uba.ar;;"Ciclo Básico Común - Sede ""Villa Lugano""";-58.464976060309802;-34.679102538809012
0;Universidad Nacional de las Artes - Sede Multimediales;679 DON PEDRO DE MENDOZA AV;IN;UNA;Don Pedro de Mendoza 679;1156;;;http://una.edu.ar/;http://multimedia.una.edu.ar/;Departamento de Artes Multimediales;-58.355700614928601;-34.62962504851091
