id_univ,nombre,domicilio,tipo,sigla,domic_2,cp,telef,fax,web_univer,web_facult,unidad_aca,lon,lat,,,,
39,Pontificia Universidad Católica Argentina,1300 MOREAU DE JUSTO,UP,UCA,"Av. Alicia Moreau de Justo 1300 "" Edificio Santa María de los Bue",1107,4349-0251/4349-0200/43380600,4349-0273,www.uca.edu.ar,,Rectorado,-58.3659544825,-34.6134172927,,,,
54,Universidad del Museo Social Argentino,1440 ALSINA,UP,UMSA,Alsina 1440,1088,4383-6809/7018,4375-4600,www.umsa.edu.ar,,Facultad de Ciencias Económicas de la Administración y de los Negocios,-58.3866657032,-34.6112940963,,,,
70,Universidad Favaloro,1723 BELGRANO,UP,FAVALORO,Av. Belgrano 1723 piso 1º,1093,4378-1117,4384-0782,www.favaloro.edu.ar,,Facultad de Ingeniería y Ciencias Exactas y Naturales,-58.3906797339,-34.6135347981,,,,
70,Universidad Favaloro,1782 BELGRANO,UP,FAVALORO,Av. Belgrano 1782, 2º piso,1093,4378-1237,4378-1238,www.favaloro.edu.ar,,-58.3913728066,-34.614019238,,,,
52,Universidad de Morón,262 CALLAO,UP,UNIMORON,Av. Callao 262 1º piso,1022,4375-0104,,,,Anexo Académico Instituto Argentino de Seguridad,-58.3924366808,-34.6061152924,,,,
83,Instituto Universitario Naval,2055 COMODORO PY,IN,INUN,Av. Comodoro Py 2055 Piso 10,1104,4317-2000,4317-2000,www.inun.edu.ar,,Rectorado,-58.3675411903,-34.5875557293,,,,
83,Instituto Universitario Naval,1231 COMODORO RIVADAVIA,IN,INUN,Av. Comodoro Rivadavia 1231,1429,4704-9570 /9546,4704-9570,www.inun.edu.ar,,Escuela Nacional de Náutica,-58.4602464455,-34.5380865126,,,,
97,Instituto Universitario Escuela Argentina de Negocios,1690 CORDOBA,IP,EAN,Av. Córdoba 1690/92,1055,5032-3991/3900,5032-3901,www.ean.com.ar,,Rectorado,-58.3912054625,-34.5998337544,,,,
1,Universidad de Buenos Aires,2122 CORDOBA,UN,UBA,Av. Córdoba 2122,1120,4370-6159/4/4448/4374-1155,4370-6103,www.uba.ar,www.econ.uba.ar,Facultad de Ciencias Económicas,-58.3974961124,-34.5999615103,,,,
84,Instituto Universitario Nacional del Arte,2445 CORDOBA,IN,IUNA,Av. Córdoba 2445,1120,4 961-0161/ 4 964-5593,,www.iuna.edu.ar,,"Departamento de Artes Musicales y Sonoras ""Carlos López Buchardo""",-58.4017051994,-34.5992112002,,,,
85,Instituto Universitario de Seguridad Marítima,345 CORRIENTES,IN,,Av. Corrientes 345 Piso 12,1043,4576-7655/4576-7611/13/4576-7611,4576-7655,,,Rectorado,-58.3717388639,-34.6028886965,,,,
11,Universidad Nacional de la Matanza,774 AVENIDA DE MAYO,UN,UNLM,Av. de Mayo 774 Pisos 1º,2º,3º,1084,4342-8776,4480-8975,www.unlm.edu.ar,-58.3773547889,-34.6089933521,,,,
83,Instituto Universitario Naval,8071 DEL LIBERTADOR,IN,INUN,Av. del Libertador 8071,1429,4704-7725,4704-8253,www.inun.edu.ar,,Escuela de Guerra Naval,-58.4634876243,-34.540386228,,,,
84,Instituto Universitario Nacional del Arte,1701 ESPAÑA,IN,IUNA,Av. España 1701,1107,4361-4419/3790,,www.iuna.edu.ar,,"Dirección de Posgrado en Artes Visuales ""Ernesto de la Cárcova""",-58.3565684128,-34.6185117802,,,,
84,Instituto Universitario Nacional del Arte,1749 LAS HERAS,IN,IUNA,Av. Las Heras 1749,1018,4812-0946/1757,,www.iuna.edu.ar,,"Departamento de Artes Visuales ""Prilidiano Pueyrredón""",-58.3912118782,-34.5920632082,,,,
1,Universidad de Buenos Aires,1120 MONTES DE OCA,UN,UBA,Av. Montes de Oca 1120,1270,4302-8589,,www.uba.ar,,"Sede - Rector José Luis Romero (""Montes de Oca"")",-58.3738872647,-34.640819885,,,,
83,Instituto Universitario Naval,2124 MONTES DE OCA,IN,INUN,Av. Montes de Oca 2124,1271,4303-2299/4301-9809,4301-9809,www.inun.edu.ar,www.hidro.gov.ar,Escuela de Ciencias del Mar,-58.3710808476,-34.6514903326,,,,
1,Universidad de Buenos Aires,2263 FIGUEROA ALCORTA,UN,UBA,Av. Pte. Figueroa Alcorta 2263,1425,4809-5697/5600/5696/3190,4809-5694,www.uba.ar,www.derecho.uba ar,Facultad de Derecho,-58.3922817772,-34.5828158,,,,
79,Universidad Abierta Interamericana,983 SAN JUAN,UP,UAI,Av. San Juan 983,1147,4300-2147,4362-5028,,,Localización Centro,-58.3796167065,-34.621883191,,,,
1,Universidad de Buenos Aires,4453 SAN MARTIN,UN,UBA,Av. San Martín  4453,1417,4514-8732 (C)4524-8000,4514-8737,www.uba.ar,www.agro.uba.ar,Facultad de Agronomía,-58.4822986052,-34.597755652,,,,
1,Universidad de Buenos Aires,4453 SAN MARTIN,UN,UBA,Av. San Martín  4453,1417,4514-8980,4523-4265,www.uba.ar,,Centro Universitario Regional Paternal,-58.4829345035,-34.5960909254,,,,
52,Universidad de Morón,4671 TRIUNVIRATO,UP,UNIMORON,Av. Triunvirato 4671,1431,4521-3500,,,,Anexo Académico Villa Urquiza,-58.485909705,-34.5744381823,,,,
100,FLACSO (Facultad Latinoamericana de Ciencias Sociales),551 AYACUCHO,UI,FLACSO,Ayacucho 551,1026,4375-2435/5238-9339 (C)5238-9300,4375-1373,www.flacso.org.ar,,Rectorado,-58.3956860143,-34.6026973851,,,,
84,Instituto Universitario Nacional del Arte,350 AZOPARDO,IN,IUNA,Azopardo 350 Piso 1º,1107,4342-7599/7450/4331-4150,,www.iuna.edu.ar,,Área Transdepartamental Carrera de Crítica de Artes,-58.3677761701,-34.6114273534,,,,
52,Universidad de Morón,784 BARTOLOME MITRE,UP,UNIMORON,Bartolomé Mitre 784 1º piso,1036,5031-3333,,,,Anexo Cámara Inmobiliaria Argentina,-58.3775612903,-34.6071511058,,,,
82,Instituto de Enseñanza Superior del Ejército,15 CABILDO,IN,IESE,Cabildo 15,1426,4779-3384/3302,4779-3384,,www.iese.edu.ar,"Escuela Superior Técnica ""General de División Manuel Nicolás Savio""",-58.435544733,-34.5746706613,,,,
95,Instituto Universitario ISEDET,252 CAMACUA,IP,ISEDET,Camacua 252,1406,4632-5030/5039/4361-0882,4633-2825,www.isedet.edu.ar,,Facultad de Teología,-58.4571649666,-34.6304813826,,,,
95,Instituto Universitario ISEDET,282 CAMACUA,IP,ISEDET,Camacuá 282,1406,4632-5030/5039/4361-0882,4633-2825,www.isedet.edu.ar,,Rectorado,-58.4570126725,-34.630822556,,,,
80,Instituto Universitario de la Policía Federal Argentina,3378 CAVIA,IN,IUPFA,Cavia 3378,1425,4809-6162/ 4809-6161,,www.universidad-policial.edu.a,,Centro de Educación a Distancia Universitaria,-58.4040594597,-34.5734034774,,,,
1,Universidad de Buenos Aires,280 CHORROARIN,UN,UBA,Chorroarín 280,1427,4524-8400(R)4524-8402/4514-8952,4514-8968,www.uba.ar,www.fvet.uba.ar,Facultad de Ciencias Veterinarias,-58.4776921498,-34.5949775013,,,,
1,Universidad de Buenos Aires,CIUDAD UNIVERSITARIA - PABELLON II -  NUÑEZ,UN,UBA,Ciudad Universitaria - Pabellón II -  Nuñez,1428,4576-3332/3/3300/09,4576-3351,www.uba.ar,www.fcen.uba.ar,Facultad de Ciencias Exactas y Naturales,-58.4428409098,-34.542278668,,,,
1,Universidad de Buenos Aires,CIUDAD UNIVERSITARIA PABELLON III - NUÑEZ,UN,UBA,Ciudad Universitaria Pabellón III - Nuñez,1428,4789-6201/4789-6210   (R)4789-6200,4576-3205,www.uba.ar,www.fadu.uba.ar,Facultad de Arquitectura,-58.4441846757,-34.541636483,,,,
81,Instituto Universitario Aeronáutico,250 ZANNI,IN,IUA,Comodoro Pedro Luis Zanni 250,1004,4317-6464,4317-6464,,,Escuela Superior de Guerra Aérea,-58.3703099905,-34.5845140389,,,,
39,Pontificia Universidad Católica Argentina,4422 CONCORDIA,UP,UCA,Concordia 4422,1419,4501-6428/6748,4501-6748,,,Facultad de Teología,-58.5084549132,-34.5933156288,,,,
55,Universidad del Norte Santo Tomás de Aquino,422 DEFENSA,UP,,Defensa 422,1065,4345-4817,4345-4817,,,Facultad de Filosofía -Sede en Buenos Aires,-58.3717577612,-34.6127782739,,,,
19,Universidad Nacional de Luján,871 ECUADOR,UN,UNLU,Ecuador 871,1214,4962-7045/7026,4961-3268,www.unlu.edu.ar,,Sede Ciudad de Buenos Aires,-58.4062219486,-34.5999955988,,,,
52,Universidad de Morón,321 ESMERALDA,UP,UNIMORON,Esmeralda 321,1035,4326-4860,,,,Anexo Académico Escuela Argentina de Negocios,-58.3778598145,-34.604465459,,,,
84,Instituto Universitario Nacional del Arte,3614 FRENCH,IN,IUNA,French 3614,1425,4804-9743/48042352,,www.iuna.edu.ar,,"Departamento de Arte Dramáticas ""Antonio Cunill Cabanellas""",-58.4117182292,-34.5832411956,,,,
1,Universidad de Buenos Aires,3870 HABANA,UN,UBA,Habana 3870,1419,4580-2825/2826,4504-7712/580-2829,www.uba.ar,,"Sede ""Devoto""",-58.5121700464,-34.5972769613,,,,
1,Universidad de Buenos Aires,3238 YRIGOYEN HIPOLITO,UN,UBA,Hipólito Irigoyen 3238/46,1407,4931-9956/4957-5877 (R) 4931-6900,4956-1218,www.uba.ar,www.psi.uba.ar,Facultad de Psicología,-58.4122132286,-34.6123117714,,,,
1,Universidad de Buenos Aires,2614 HOLMBERG,UN,UBA,Holmberg 2614,1430,4576-9852 al 55,,www.uba.ar,,"Sede ""Doctor Leónidas Anastasi"" (Drago)",-58.4783170278,-34.5678888147,,,,
64,Universidad de Palermo,932 JEAN JAURES,UP,UP,Jean Jaures 932/6,1175,4962-4647/5199 -4500,4963-1560,www.palermo.edu,,Facultad de Arquitectura,-58.4072552436,-34.5990805244,,,,
52,Universidad de Morón,1022 URIBURU,UP,UNIMORON,José Evaristo Uriburu 1022/1045,1114,4821-2616/4822-6824,,,,Anexo Académico Barrio Norte,-58.3989741676,-34.5966534589,,,,
56,Universidad del Salvador,1063 JUNIN,UP,USAL,Junin 1063,1113,4825-8622,4825-8622,www.salvador.edu.ar,,Escuela de Arte y Arquitectura,-58.3972569375,-34.5962078819,,,,
1,Universidad de Buenos Aires,954 JUNIN,UN,UBA,Junín 954,1113,4964-8222/4508-3644/4964-8224/8200,4508-3648,www.uba.ar,www.ffyb.uba.ar,Facultad de Farmacia y Bioquímica,-58.3976782096,-34.5978455056,,,,
45,Universidad Católica de La Plata,1254 LARREA,UP,UCLP,Larrea Nº 1254,1117,4826-7026,,,,Sede Buenos Aires,-58.4004427329,-34.5927370196,,,,
49,Universidad de Belgrano,485 LAVALLE,UP,UB,Lavalle 485,1047,4393-5588/8459/8491,,www.ub.edu.ar,,Departamento de Posgrado y Educación Continua,-58.3736953057,-34.6019828778,,,,
82,Instituto de Enseñanza Superior del Ejército,480 LUIS MARIA CAMPOS,IN,IESE,Luis María Campos 480,1426,4576-3692/93,4576-5592,,www.escuelasuperiordeguerra.iese.edu,"Escuela Superior De Guerra ""Teniente General Luís Maria Campos""",-58.4341033492,-34.5728867726,,,,
56,Universidad del Salvador,1335 MARCELO T. DE ALVEAR,UP,USAL,Marcelo T. de Alvear  1335/37,1058,4811-1279/4813-5622/3408,4811-1279,www.salvador.edu.ar,,Facultad de Ciencias Económicas,-58.3861794737,-34.5968350259,,,,
1,Universidad de Buenos Aires,2142 MARCELO T. DE ALVEAR,UN,UBA,Marcelo T. de Alvear 2142,1122,4508-3956/4964-1238/1239 (R)4964-1200,4508-3958,www.uba.ar,www.odon.uba.ar,Facultad de Odontología,-58.3980982538,-34.5973328301,,,,
1,Universidad de Buenos Aires,2230 MARCELO T. DE ALVEAR,UN,UBA,Marcelo T. de Alvear 2230,1122,4508-3813/3814 /3800/3804/3805/3806/3807,4508-3818,www.uba.ar,www.fsoc.uba.ar,Facultad de Ciencias Sociales,-58.3993169648,-34.5971490317,,,,
64,Universidad de Palermo,1259 MARIO BRAVO,UP,UP,Mario Bravo 1259,1175,5199-4500,4963-1560,www.palermo.edu,,Facultad de Ciencias Sociales,-58.4145598863,-34.595028079,,,,
96,Instituto Universitario de Salud Mental de la Asociación Psicoanalitica de Buenos A,1850 MAURE,IP,APdeBA,Maure 1850,1426,4775-7867/7985/4779-0512,4775-7867,www.iusam.edu.ar,,Rectorado,-58.436883073,-34.5680136431,,,,
38,Universidad Tecnológica Nacional,951 MEDRANO,UN,UTN,Medrano 951,1179,4862-1374/1881/4867-7521/7500,4867-7575,www.utn.edu.ar,www.frba.utn.edu.ar,Facultad Regional Buenos Aires,-58.420072184,-34.5985961508,,,,
79,Universidad Abierta Interamericana,2759 MONTAÑESES,UP,UAI,Montañeses 2759,1428,4788-2925/4787-9786/4788-2925,4780-3335,www.uai.edu.ar,,Localización Belgrano,-58.4537569913,-34.5514223931,,,,
79,Universidad Abierta Interamericana,745 MONTES DE OCA,UP,UAI,Montes de Oca 745,,4301-5240/5248/5398,,www.uai.edu.ar,,Localización Centro Anexo Cisneros,-58.3752453539,-34.6366911479,,,,
96,Instituto Universitario IDEA,1850 MORENO,IP,IDEA,Moreno 1850 pisos 1º, 2º, 3º, 4º, 5º,1094,5861-4307 (C)5861-4300,5861-4397,www.ideared.org,,Rectorado,-58.3924909439,-34.6129140819
52,Universidad de Morón,942 NICASIO OROÑO,UP,UNIMORON,Nicasio Oroño 942,1405,4581-8001,,,,Anexo Caballito Gestión Hotelera,-58.454552286,-34.6137956315,,,,
79,Universidad Abierta Interamericana,748 PALESTINA,UP,UAI,Palestina 748,1182,4862-9179/4865-8796,4867-4216,www.uai.edu.ar,,Localización Almagro,-58.4257823612,-34.6020904749,,,,
63,Universidad de Ciencias Empresariales y Sociales,1318 PARAGUAY,UP,UCES,Paraguay 1318,1057,4815-3290,813-2915,www.uces.edu.ar,,Facultad de Ciencias Empresariales,-58.3857691214,-34.598322233,,,,
63,Universidad de Ciencias Empresariales y Sociales,1338 PARAGUAY,UP,UCES,Paraguay 1338, Piso 11,1057,4815-3290/ 491,,www.uces.edu.ar,,-58.3860344633,-34.5983500099,,,,
63,Universidad de Ciencias Empresariales y Sociales,1401 PARAGUAY,UP,UCES,Paraguay 1401,1318,4815-3290,4814-5255,www.uces.edu.ar,,Facultad de Ciencias de la Comunicación,-58.3870988207,-34.598199956,,,,
63,Universidad de Ciencias Empresariales y Sociales,1457 PARAGUAY,UP,UCES,Paraguay 1457, 3º piso,1061,4815-3290,4816-5144,www.uces.edu.ar,,-58.3876773401,-34.5982233941,,,,
63,Universidad de Ciencias Empresariales y Sociales,1462 PARAGUAY,UP,UCES,Paraguay 1462, 1º piso,1061,4815-3290,4815-3290,www.uces.edu.ar,,-58.3876971273,-34.5984405199,,,,
1,Universidad de Buenos Aires,2155 PARAGUAY,UN,UBA,Paraguay 2155,1121,5950-9501/02/03 (C)9500/8000,,www.uba.ar,www.fmed.uba.ar,Facultad de Medicina,-58.3982560262,-34.5982628605,,,,
84,Instituto Universitario Nacional del Arte,786 PARAGUAY,IN,IUNA,Paraguay 786,1057,4516-0992/93/94/4322-1130,4516-0992,www.iuna.edu.ar,,Rectorado,-58.3780806302,-34.5977683483,,,,
42,Universidad Argentina John F. Kennedy,221 PARRAL,UP,UK,Parral 221,1405,4901-1079/1935,,www.kennedy.edu.ar,,Escuela de Odontología,-58.4398782184,-34.6168211743,,,,
46,Universidad Católica de Salta,533 PASEO COLON,UP,UCLP,Paseo Colón 533 piso 8º,1063,5169-3324/93316,,,,Subsede Académica Buenos Aires,-58.3697081967,-34.6139839946,,,,
1,Universidad de Buenos Aires,850 PASEO COLON,UN,UBA,Paseo Colón 850,1063,4331-0833/4342-6272/2659 (R)4343-0891 (C)0,4345-7262,www.uba.ar,www.fi.uba.ar,Facultad de Ingeniería,-58.3684159212,-34.6176277762,,,,
40,Universidad CAECE,555 PERON,UP,CAECE,Perón 555 1º piso,,4393-0014/4328-5226,,www.caece.edu.ar,,Escuela de Administración y Negocios,-58.3744692765,-34.6055261025,,,,
42,Universidad Argentina John F. Kennedy,1156 PERU,UP,UK,Perú 1156,1068,4300-3816,,www.kennedy.edu.ar,,Departamento de Penalistica,-58.3739764584,-34.6214100713,,,,
84,Instituto Universitario Nacional del Arte,1655 PIEDRAS,IN,IUNA,Piedras 1655,1140,4362-1699,,www.iuna.edu.ar,,Área Transdepartamental de Carrera de Formación Docente,-58.3752172605,-34.6281172099,,,,
42,Universidad Argentina John F. Kennedy,645 PIEDRAS,UP,UK,Piedras 645,1070,4345-0175/8671,,www.kennedy.edu.ar,,Departamento de Periodismo y Comunicaciones,-58.3776308693,-34.6156347742,,,,
79,Universidad Abierta Interamericana,1052 PIEDRAS,UP,UAI,Pieras 1052,1070,4300-2147,,www.uai.edu.ar,,Localización Centro Anexo,-58.377071942,-34.6203157375,,,,
79,Universidad Abierta Interamericana,735 PIEDRAS,UP,UAI,Pieras 735,1070,4300-2147,,www.uai.edu.ar,,Localización Centro Anexo,-58.3775972861,-34.6167044985,,,,
84,Instituto Universitario Nacional del Arte,1172 PINZON,IN,IUNA,Pinzón 1172,1161,4 301-2405,,www.iuna.edu.ar,,Carrera de Posgrado de Especialista en Arte-Terapia,-58.3692702355,-34.6366012903,,,,
94,"Instituto Universitario ""Escuela de Medicina del Hospital Italiano""",4240 POTOSI,IP,IUEMHI,Potosí 4240,1119,4983-2624 [C]495-90200,4983-2624,www.hospitalitaliano.org.ar/es,,Rectorado,-58.4268437283,-34.6074211953,,,,
1,Universidad de Buenos Aires,470 PUAN,UN,UBA,Puán 470,1406,4432-9608/0606,4432-0121,www.uba.ar,www.filo.uba.ar,Facultad de Filosofía y Letras,-58.4465056434,-34.6281939922,,,,
39,Pontificia Universidad Católica Argentina,183 FREIRE,UP,UCA,Ramón Freire 183,1426,4552-2711/2721/2724,4552-2711,,,Facultad de Ciencias Agrarias,-58.4443821072,-34.5792818347,,,,
8,Universidad Nacional de General San Martín,2250 RAMSAY,UN,UNGSM,Ramsay 2250 - Nuñez,1428,4576-0450/51/55,4576-0450,www.ungsm.edu.ar,,Instituto de Ciencias de la Rehabilitación y el Movimiento,-58.4413265438,-34.5506739158,,,,
22,Universidad Nacional de Quilmes,2358 RIVADAVIA,UN,UNQUI,Rivadavia 2358 , 6º piso,1034,4951-8221/2431,4951-8221/2431,www.unq.edu.ar,,-58.3998503199,-34.6099602415,,,,
99,Universidad de Bologna,1464 RODRIGUEZ PEÑA,UE,UNIBO,Rodriguez Peña 1464,1021,4878-2900,4878-8628,www.unibo.edu.ar,,Rectorado,-58.3909873641,-34.59295837,,,,
56,Universidad del Salvador,670 RODRIGUEZ PEÑA,UP,USAL,Rodríguez Peña 670,1020,4375-2959,4375-2959,www.salvador.edu.ar,,Facultad de Filosofía,-58.3915769996,-34.6011336473,,,,
56,Universidad del Salvador,770 RODRIGUEZ PEÑA,UP,USAL,Rodríguez Peña 770,1020,4813-0180,4813-0180,www.salvador.edu.ar,,Instituto de Capacitación Contínua,-58.3916771879,-34.5999524238,,,,
52,Universidad de Morón,243 SAN JOSE,UP,UNIMORON,San José 243/225 1º piso,1076,4381-3358,,,,Anexo Académico IAETES (Instituto Argentino de Estudios Técnicos Económicos y So,-58.3863189362,-34.6116271651,,,,
42,Universidad Argentina John F. Kennedy,868 SAN JOSE,UP,UK,San José 868,1424,4383-5371/ 4382-4259,,www.kennedy.edu.ar,,Departamento de Estudiantes,-58.3856613123,-34.6184043986,,,,
54,Universidad del Museo Social Argentino,1565 SARMIENTO,UP,UMSA,Sarmiento 1565,1042,5217-9401,4375-4600,www.umsa.edu.ar,,Facultad de Artes y Ciencias de la Conservación,-58.3887569824,-34.6052815689,,,,
38,Universidad Tecnológica Nacional,440 SARMIENTO,UN,UTN,Sarmiento 440 - piso 3º, 5º, 6º, 7º, 8º,1347,5371-5700/5600/5702/5704/5703,-58.3729224166,-34.6045515788,,Rectorado,,
66,Universidad Maimónides,456 TALCAHUANO,UP,UM,Talcahuano 456,1013,4373-1090/4905-1154 /4382-7510,4373-1090,www.maimonides.edu,,Rectorado,-58.385347174,-34.6032543174,,,,
38,Universidad Tecnológica Nacional,3174 TRIUNVIRATO,UN,UTN,Triunvirato 3174,1427,4554-1667/4552-4176 /6027,4552-4176 / 6027,www.utn.edu.ar,www.inspt.utn.edu.ar,Instituto Nacional Superior del Profesorado Técnico,-58.467088687,-34.5841246764,,,,
56,Universidad del Salvador,1818 PERON JUAN DOMINGO,UP,USAL,Tte. Juan Domingo Perón  1818,1040,4372-5308,4372-5308,www.salvador.edu.ar,,Facultad de Ciencias Jurídicas,-58.392460984,-34.60700794,,,,
56,Universidad del Salvador,1845 TUCUMAN,UP,USAL,Tucumán  1845,1050,4811-8519/4813-2935,4811-8519,www.salvador.edu.ar,,Facultad de Medicina,-58.3932896891,-34.6018858267,,,,
1,Universidad de Buenos Aires,3177 TUCUMAN,UN,UBA,Tucumán 3177,1189,4508-3977,,www.uba.ar,,"Sede - ""Tucumán""(ex ""Uriburu"")",-58.4104100534,-34.6004473684,,,,
81,Instituto Universitario Aeronáutico,153 VIAMONTE,IN,IUA,Viamonte 153,1053,4514-4267,4514-4267,,,Instituto Nacional de Derecho Aeronáutico y Espacial,-58.3701886084,-34.5992954747,,,,
56,Universidad del Salvador,1856 VIAMONTE,UP,USAL,Viamonte 1856,1056,4813-9630/1408,4812-4625,www.salvador.edu.ar,,Rectorado,-58.393526784,-34.60100183,,,,
1,Universidad de Buenos Aires,430 VIAMONTE,UN,UBA,Viamonte 430/444 y Reconquista 694,1053,4511-8153 (C)4510-1100,4511-8123,www.uba.ar,,Rectorado,-58.3730664168,-34.5998618226,,,,
86,Instituto Tecnológico de Buenos Aires,399 MADERO EDUARDO,IP,ITBA,Av. Eduardo Madero 399,1106,6393-4800,6393-4800,www.itba.edu.ar,,Depart. de Ing. Electrónica y Electrotecnia/ Ing. Industrial/ Ing. Mecánica/ Ing. Química y de Petróleo/ Ing. En Informática/ Materias Físico-Matemáticas/ Desarrollos de Recursos/ Economía,-58.3679078517,-34.6033411711,,,,
91,"Instituto Universitario ""Escuela Superior de Economía y Administración de Empresas",2472 URIARTE,IP,ESEADE,Uriarte 2472,1425,4773-3735/4773-5825/4772-7243,4773-3735,www.eseade.edu.ar,,Departamento de Economía y Ciencias Sociales / Administración y Formación Empresarial / Rectorado,-58.4231074572,-34.5807198877,,,,
81,Instituto Universitario Aeronáutico,1370 BELGRANO,IN,IUA,Av. Belgrano 1370 piso 12,C1093,4382-3834 // 4382-3670/4146/4017,4382-3834,,,Unidad de Educación a Distancia en el Exterior / Centro de Gestión en Buenos Aires,-58.3856081746,-34.6135738715,,,,
89,Instituto Universitario CEMIC,4102 GALVAN,IP,IUC,Av. Galván 4102,1431,4546-8290/91 (C)4546-8200 / 4546-8228,4546-8274,www.cemic.edu.ar,,Instituto de Investigaciones / Escuela de Medicina / Rectorado,-58.4952982743,-34.5570355406,,,,
87,Instituto Universitario de Ciencias de la Salud Fundación H.A. Barceló,2191 LAS HERAS,IP,BARCELO,Av. Las Heras 2191,1127,4805-2607/ 4804-4723/ 4576-2350/1 y 2,4805-2607,www.barcelo.edu.ar,,Facultad de Medicina / Rectorado,-58.3956161221,-34.5885495181,,,,
92,Instituto Universitario de la Fundación ISALUD,931 VENEZUELA,IP,ISALUD,Venezuela 931,1095,5239-4000,5239-4020,www.isalud.org,,Facultades de Salud / Administración y Economía / Ciencias Sociales / De Alimentos y Nutrición / Rectorado,-58.3794511094,-34.6139545388,,,,
80,Instituto Universitario de la Policía Federal Argentina,ROSARIO 532,IN,IUPFA,Rosario 532,C1424,4903-7516/ 4902-4543/ 4902-4201/ 4901-9783,4909-4207,www.universidad-policial.edu.a,,Facultad de Ciencias Jurídicas y Sociales / Ciencias de la Seguridad / Ciencias Biomédicas / Ciencias de la Criminalística / Rectorado,-58.4363034761,-34.6196440722,,,,
80,Instituto Universitario de la Policía Federal Argentina,USPALLATA 3400,IN,IUPFA,Uspallata 3400,C1437,4909-4100 // 4909-4121/4179,4909-4121,www.universidad-policial.edu.a,,Facultad de Ciencias Biomédicas / Escuela de Enfermería “Nuestra Señora de los Remedios” / Escuela de Instrumentación Quirúrgica,-58.4113516048,-34.6397754129,,,,
84,Instituto Universitario Nacional del Arte,443 SANCHEZ DE LORIA,IN,IUNA,Sánchez de Loria 443/47/51,1173,4956-0168 // 4956-0075,,www.iuna.edu.ar,,Departamento de Artes del Movimiento “María Ruanova” / Área Transdepartamental de Folklore “Antonio Barcelo”,-58.4130641478,-34.614693065,,,,
84,Instituto Universitario Nacional del Arte,843 YATAY,IN,IUNA,Yatay 843,1184,4 861-1541 // 4864-0004/ 4862-8209,,www.iuna.edu.ar,,Departamento de Artes Audiovisuales / Área Transdepartamental Carrera de Artes Multimediales,-58.428288033,-34.6018924283,,,,
39,Pontificia Universidad Católica Argentina,1400 MOREAU DE JUSTO,UP,UCA,"Av. Alicia Moreau de Justo  1400 ""Edificio Santo Tomás Moro""",1107,4349-0200,4349-0223,www.uca.edu.ar,,Instituto de Ciencias Políticas y Relaciones Internacionales / Ciencias Sociales y Económicas / Derecho / Psicología y Educación /,-58.3658514363,-34.6144452303,,,,
39,Pontificia Universidad Católica Argentina,1500 MOREAU DE JUSTO,UP,UCA,"Av. Alicia Moreau de Justo  1500 ""Edificio San Alberto Magno""",1107,4349-0200/0419/20,4349-0402,www.uca.edu.ar,,Facultad de Filosofía y Letras / Ciencias Físicomatemáticas e Ingeniería / Artes y Ciencias Musicales / Derecho Canónico / Ciencias Médicas,-58.3657224708,-34.6155486953,,,,
79,Universidad Abierta Interamericana,90 CHACABUCO,UP,UAI,Chacabuco 90 1º piso,1069,4342-7788,4342-7654,www.uai.edu.ar,,Faculta de Medicina y Ciencias de la Salud/ Psicología y Relaciones Humanas/ Derecho y Ciencias Políticas/ Motricidad Humana y Deportes/ Ciencias Empresariales/ Desarrollo e Inv. Educativos/ Arquitectura/ Tecnología Informática/ Comunicación/ Turismo,-58.3761466324,-34.6090974911,,,,
41,Universidad Argentina de la Empresa,717 LIMA,UP,UADE,Lima 717,1073,4379-7601/7636/7601,4381-2807,www.uade.edu.ar,,Facultad de Ingeniería y Ciencias Exactas / Ciencias Económicas / Ciencias Jurídicas y Sociales / Comunicación y Diseño / Dirección de Empresas / Rectorado,-58.381782124,-34.6168783704,,,,
42,Universidad Argentina John F. Kennedy,1411 BARTOLOME MITRE,UP,UK,Bartolomé Mitre 1411 1º Piso,1037,4371-6043 (C)4374-5211,,www.kennedy.edu.ar,,Departamento de Arte / Abogacía / Trabajo / Economía / Relaciones Públicas / Literatura / Matemática y Física / Rectorado,-58.3865507447,-34.6074456992,,,,
42,Universidad Argentina John F. Kennedy,1163 BOLIVAR,UP,UK,Bolivar 1163,1066,4362-5766/4361-6506,,www.kennedy.edu.ar,,Departamento de Construcciones y Estructuras / Diseño / Arquitectura / Empresa,-58.3730618803,-34.62145515,,,,
42,Universidad Argentina John F. Kennedy,360 CARLOS CALVO,UP,UK,Carlos Calvo 360,1230,4932-9307,,www.kennedy.edu.ar,,Departamento de Química General,-58.3709148306,-34.6196743211,,,,
42,Universidad Argentina John F. Kennedy,3729 DON BOSCO,UP,UK,Don Bosco 3729,1206,4982-2746/4958-4075,,www.kennedy.edu.ar,,Departamento de Tecnologías Informáticas / Diseño de Sistemas,-58.4183008999,-34.6124130576,,,,
42,Universidad Argentina John F. Kennedy,929 ESTADOS UNIDOS,UP,UK,Estados Unidos 929,1101,4300-1166,,www.kennedy.edu.ar,,Departamento de Psicoanálisis / Filosofía / Deportes / Psicología Clínica,-58.3791470856,-34.618338465,,,,
42,Universidad Argentina John F. Kennedy,152 RIOBAMBA,UP,UK,Riobamba 152 2º piso,1037,4371-4009/ 4115-0706,,www.kennedy.edu.ar,,Departamento de Pedagogía/ Planificación y Desarrollo/ Psicología/ Servicio Social/ Sociología/ Historia/ Computación/ Idiomas/ Comercialización/ Antropología/ Biología/ Ciencia Política/ Demografía y Turismo/ Recursos Humanos/ Psicología Social,-58.393762409,-34.6074900252,,,,
61,Universidad Austral,125 GARAY,UP,UA,Av. Juan de Garay 125,1063,5921-8000,5921-8000,www.austral.edu.ar,,Escuela y Laboratorio Ambiental / Inglés / Ciencias para la Familia / Derecho / Comunicación / Ingeniería / Rectorado,-58.3669940373,-34.6238444133,,,,
40,Universidad CAECE,866 AVENIDA DE MAYO,UP,CAECE,Av. de Mayo 866,1084,5217-7878,5217-7887,www.caece.edu.ar,,Departamento de Matemáticas / Sistemas / Posgrado,-58.3786808629,-34.6090480249,,,,
40,Universidad CAECE,516 JUNIN,UP,CAECE,Junín 516,1026,5252-2811 (C)52522800,5252-2811,www.caece.edu.ar,,Departamento de Ciencias Pedagógicas / Ciencias Biológicas / Administración / Humanidades / Computación / Rectorado,-58.3971523947,-34.6030630772,,,,
49,Universidad de Belgrano,1955 LACROZE FEDERICO,UP,UB,Federico Lacroze 1947/1955,1426,4511-4740/4576-3903/4511-4711,,www.ub.edu.ar,,Facultad de Tecnología Informática / Ciencias Agrarias / Estudios a Distancia y Educación Virtual,-58.4411518237,-34.565827138,,,,
49,Universidad de Belgrano,1560 MARCELO T DE ALVEAR,UP,UB,Marcelo T. de Alvear 1560,1058,4812-6460 / 9680,,www.ub.edu.ar,,Escuela de Economía y Negocios Internacionales / Posgrado de Derecho,-58.3891617711,-34.5973245309,,,,
49,Universidad de Belgrano,1324 VILLANUEVA,UP,UB,Villanueva 1324,1426,4511-4700 / 4701 / 4735 / 4736,,www.ub.edu.ar,,Facultad de Ingeniería / Ciencias Exactas y Naturales / Ciencias de la Salud,-58.4428396077,-34.5656018245,,,,
49,Universidad de Belgrano,1837 ZABALA,UP,UB,Zabala 1837,1426,4788-5400,4576-3923,www.ub.edu.ar,,Facultad de Lenguas y Estudios Extranjeros / Arquitectura y Urbanismo / Humanidades / Estudios para Graduados / Ciencias Económicas / Derecho y Ciencias Sociales / Rectorado,-58.4441471767,-34.5642966453,,,,
63,Universidad de Ciencias Empresariales y Sociales,1237 PARAGUAY,UP,UCES,Paraguay 1237,1057,4815-3290/494/495,4813-5635,www.uces.edu.ar,,Facultad de Ciencias de la Salud / Rectorado,-58.3846590391,-34.5979209652,,,,
76,Universidad de Flores,274 NAZCA,UP,UFLO,Av. Nazca 274,1406,4611-4800/4613-3636,4611-4800,www.uflo.edu.ar,,Facultad de Ingeniería / Actividad Física y Deporte / Administración / Rectorado,-58.470785592,-34.6286614881,,,,
76,Universidad de Flores,275 PEDERNERA,UP,UFLO,Pedernera 275,1416,4637-4500,4637-4500,www.uflo.edu.ar,,Facultad de Psicología / Derecho / Planeamiento Socioambiental,-58.462978801,-34.6325990934,,,,
57,Universidad de la Marina Mercante,2258 RIVADAVIA,UP,UdeMM,Av. Rivadavia 2258,1034,4953-9000/4952-4700/4440/6767,4953-9000,www.udemm.edu.ar,,Facultad de Ingeniería / Administración y Economía / Humanidades y Ciencias Sociales / Rectorado,-58.3984332042,-34.6098310621,,,,
64,Universidad de Palermo,1050 MARIO BRAVO,UP,UP,Mario Bravo 1050,1175,5199-4500,4963-1560,www.palermo.edu,,Facultad de Diseño y Comunicación / Ciencias Económicas y Empresariales / Derecho / Rectorado,-58.4160587015,-34.597278996,,,,
64,Universidad de Palermo,1302 MARIO BRAVO,UP,UP,Mario Bravo 1302,1175,5199-4500,4963-1560,www.palermo.edu,,Facultad de Ingeniería / Cátedra Unesco en Educación Superior,-58.4148995286,-34.5945739219,,,,
75,Universidad del CEMA,374 CORDOBA AV,UP,UCEMA,Av. Córdoba 374,1054,6314-2269 (C)6314-3000,6314-1654,www.cema.edu.ar,,Departamento de Finanzas / Dirección de Empresas / Economía / Investigaciones / Ciencias Políticas / Contabilidad / Rectorado / Maestría en Dirección Bancaria y Agronegocios / Maestría en Evaluación de Proyectos,-58.3724066461,-34.598697989,,,,
75,Universidad del CEMA,775 RECONQUISTA,UP,UCEMA,Reconquista 775,1054,6314-2269 (C)6314-3000,6314-1654,www.cema.edu.ar,,Departamento de Matemática e Informática / Ingeniería,-58.37252097,-34.5987930967,,,,
72,Universidad del Cine,330 GIUFFRA,UP,UCINE,Pasaje Giuffra 330/353,1064,(R)4300-1413/4300-1407,4300-0674,www.ucine.edu.ar,,Facultad de Cinematografía / Ciencias de la Comunicación / Rectorado,-58.370613905,-34.6180040101,,,,
54,Universidad del Museo Social Argentino,1723 CORRIENTES AV,UP,UMSA,Av. Corrientes 1723,1042,4375-4601/4602/ 4372-5098/99,4375-4600,www.umsa.edu.ar,,Facultad de Ciencias Jurídicas y Políticas / Ciencias de la Recuperación Humana / Ciencias Psicológicas y Pedagógicas / Ciencias de la Interacción Social / Facultad de Lenguas Modernas / Rectorado,-58.391200185,-34.604175553,,,,
56,Universidad del Salvador,853 CALLAO,UP,USAL,Av. Callao 853,1023,4811-2270,4812-9853,www.salvador.edu.ar,,Facultad de Ciencias de la Educación y de la Comunicación Social / Escuela de Estudios Orientales,-58.3927732895,-34.5991327431,,,,
56,Universidad del Salvador,2441 YRIGOYEN HIPOLITO,UP,USAL,Hipólito Irigoyen  2441  2º  piso,1089,4952-1403/4951,4952-6471,www.salvador.edu.ar,,Facultad de Ciencias Sociales / Instituto de Prevención de la Drogadependencia,-58.4009397067,-34.6107868298,,,,
56,Universidad del Salvador,1314 ALVEAR MARCELO T,UP,USAL,Marcelo T. de Alvear  1312 / 1314,1058,4813-3400/9639,4813-9639,www.salvador.edu.ar,,Facultad de Psicología y Psicopedagogía / Ciencias Económicas / Ciencias de la Administración/ Ciencia y Tecnología,-58.385849432,-34.5971705368,,,,
70,Universidad Favaloro,453 SOLIS,UP,FAVALORO,Solís 453,1078,4378-1169/1170/1161,4381-0323,www.favaloro.edu.ar,,Facultad de Posgrado y Rectorado,-58.3906371251,-34.6143243196,,,,
66,Universidad Maimónides,775 HIDALGO,UP,UM,Hidalgo 775,1405,4905-1199,4905-1162,www.maimonides.edu,,Facultad de Humanidades / Ciencias de la Salud / Escuela de Comunicación Multimedial /Escuela Internacional de Negocios,-58.4408209166,-34.6105038929,,,,
8,Universidad Nacional de General San Martín,145 PARANA,UN,UNGSM,Paraná 145,C1017,4754-7300// 4372-3289,4374-7007,www.ungsm.edu.ar,,Escuela de Política y Gobierno / Instituto de Altos Estudios Sociales,-58.3875377172,-34.6071473916,,,,
59,Universidad Notarial Argentina,1841 GUIDO,UP,,Guido 1841,1119,4804-4233/7743,4804-7743,,,Inst. de la Minoridad y del Derecho de Menores/ Historia del Notariado/ Derecho Tributario y Notarial/ Técnica Notarial/ Derecho Civil y Comercial/ Sist. e Informática Notarial/ Derecho Comparado y de Integración,-58.3902360003,-34.5895412641, Constituc,,,
68,Universidad Torcuato Di Tella,2159 MIÑONES,UP,UTDT,Miñones 2159/77,1428,4784-0080,4784-0089,www.utdt.edu/,,Departamento de Economía / Ciencia Política y Estudios Internacionales / Matemática y Estadística / Historia / Escuela de Derecho / Gobierno / Negocios / Centro de Estudios de arquitectura Contemporánea,-58.4458609253,-34.5547111218,,,,
68,Universidad Torcuato Di Tella,1010 SAENZ VALIENTE JUAN PABLO,UP,UTDT,Sáenz Valiente 1010,C1428,5169 7300,,www.utdt.edu/,,Campus Alcorta,-58.4472233239,-34.5478865826,,,,
1,Universidad de Buenos Aires,841 RAMOS MEJIA,UN,UBA,Ramos Mejía 841,C1405,,,www.uba.ar,,Sede Dr. Ramos Mejía (CBC),-58.4321779037,-34.6059051283,,,,
1,Universidad de Buenos Aires,1029 SANTIAGO DEL ESTERO,UN,UBA,Santiago del Estero 1029,C1075,4305- 6087/6168,,www.uba.ar,www.sociales.uba.ar,Facultad de Ciencias Sociales - Sede Constitución,-58.3845246836,-34.6202236066,,,,
1,Universidad de Buenos Aires,2216 LAS HERAS AV,UN,UBA,Las Heras Av 2216,C1127,4514-3013,,www.uba.ar,www.ingenieria.uba.ar,Facultad de Ingeniería - Sede Las Heras,-58.3963517705,-34.5884181521,,,,
1,Universidad de Buenos Aires,3065 INDEPENDENCIA,UN,UBA,Independencia 3065,C1225,,,,www.psi.uba.ar,Facultad de Psicología - Sede Independencia,-58.40858098,-34.6196631549,,,,
1,Universidad de Buenos Aires,295 BULNES,UN,UBA,Bulnes 295,C1176,,,,www.psi.uba.ar,Facultad de Psicología - Sede Bulnes,-58.4184425907,-34.6073185912,,,,
1,Universidad de Buenos Aires,CIUDAD UNIVERSITARIA - PABELLON  I,UN,UBA,Ciudad Universitaria - Pabellón  I,1428,4789 - 6000,4789-6098,www.uba.ar,www.cbc.uba.ar,Ciclo Básico Común,-58.4395003281,-34.544702707,,,,
0,Universidad Tecnológica Nacional - Campus Mozart,Mozart 2300,UN,UTN,,1407,4638-8115/8838,,http://www.frba.utn.edu.ar/,,Campus,-58.4679206728,-34.659767839,,,,
0,Universidad Tecnológica Nacional - Escuela de Posgrado,Castro Barros 91,UN,UTN,,1178,4983-8882,,http://www.frba.utn.edu.ar/,,Escuela de Posgrado,-58.4209338894,-34.6128019145,,,,
0,Universidad de Buenos Aires,Fernández de la Cruz Av,UN,UBA,,,,,www.uba.ar,,"Ciclo Básico Común - Sede ""Villa Lugano""",-58.4649760603,-34.6791025388,,,,
0,Universidad Nacional de las Artes - Sede Multimediales,679 DON PEDRO DE MENDOZA AV,IN,UNA,Don Pedro de Mendoza 679,1156,,,http://una.edu.ar/,http://multimedia.una.edu.ar/,Departamento de Artes Multimediales,-58.3557006149,-34.6296250485,,,,
